wire_id,customer_id,amount_cad,debit_credit,transaction_date,transaction_time
WIR00000000000000019,SYNCID0000000222,598947.85,debit,2023-01-30,00:00:00
WIR00000000000000025,SYNCID0000000276,507672.8,credit,2022-12-12,00:00:00
WIR00000000000000106,SYNCID0000000760,823043.42,credit,2023-01-13,00:00:00
WIR00000000000000121,SYNCID0000000854,643226.19,credit,2022-11-28,00:00:00
WIR00000000000000125,SYNCID0000000871,625158.36,debit,2022-12-07,00:00:00
WIR00000000000000128,SYNCID0000000890,499094.59,credit,2022-12-05,00:00:00
WIR00000000000000139,SYNCID0000000926,690327.81,credit,2022-11-04,00:00:00
WIR00000000000000153,SYNCID0000001010,1136825.74,credit,2022-11-23,00:00:00
WIR00000000000000173,SYNCID0000001141,941162.45,credit,2022-11-14,00:00:00
WIR00000000000000184,SYNCID0000001227,1248164.66,credit,2023-01-03,00:00:00
WIR00000000000000207,SYNCID0000001296,632798.22,credit,2023-01-03,00:00:00
WIR00000000000000219,SYNCID0000001386,575817.06,credit,2023-01-11,00:00:00
WIR00000000000000408,SYNCID0000001615,751023.46,credit,2023-01-17,00:00:00
WIR00000000000000441,SYNCID0000001787,482283.56,credit,2023-01-20,00:00:00
WIR00000000000000448,SYNCID0000001787,569101.1,credit,2022-12-26,00:00:00
WIR00000000000000460,SYNCID0000001875,480869.82,credit,2022-12-09,00:00:00
WIR00000000000000471,SYNCID0000001879,546591.21,credit,2022-12-13,00:00:00
WIR00000000000000472,SYNCID0000001879,529638.95,credit,2022-12-05,00:00:00
WIR00000000000000473,SYNCID0000001879,1879990.87,credit,2022-11-15,00:00:00
WIR00000000000000561,SYNCID0000002123,554019.06,credit,2022-12-06,00:00:00
WIR00000000000000592,SYNCID0000002342,1256806.51,credit,2023-01-04,00:00:00
WIR00000000000000593,SYNCID0000002342,1418083.95,credit,2022-11-02,00:00:00
WIR00000000000000607,SYNCID0000002421,703720.35,debit,2022-11-24,00:00:00
WIR00000000000000615,SYNCID0000002578,499206.84,debit,2022-12-06,00:00:00
WIR00000000000000616,SYNCID0000002578,642122.86,debit,2022-11-06,00:00:00
WIR00000000000000620,SYNCID0000002578,734404.8,debit,2022-11-03,00:00:00
WIR00000000000000627,SYNCID0000002578,662859.0,debit,2022-11-14,00:00:00
WIR00000000000000631,SYNCID0000002578,458292.97,debit,2022-12-16,00:00:00
WIR00000000000000632,SYNCID0000002578,800620.81,debit,2022-12-29,00:00:00
WIR00000000000000639,SYNCID0000002578,658238.71,debit,2022-11-22,00:00:00
WIR00000000000000640,SYNCID0000002578,630871.95,credit,2023-01-20,00:00:00
WIR00000000000000642,SYNCID0000002578,591066.25,debit,2023-01-11,00:00:00
WIR00000000000000643,SYNCID0000002578,653107.91,debit,2022-12-13,00:00:00
WIR00000000000000647,SYNCID0000002578,1145943.54,debit,2022-11-17,00:00:00
WIR00000000000000649,SYNCID0000002578,503990.77,debit,2022-11-08,00:00:00
WIR00000000000000650,SYNCID0000002578,1108986.89,debit,2023-01-04,00:00:00
WIR00000000000000651,SYNCID0000002578,504297.49,debit,2023-01-06,00:00:00
WIR00000000000000653,SYNCID0000002578,1182189.53,debit,2023-01-06,00:00:00
WIR00000000000000658,SYNCID0000002597,2122059.04,debit,2022-11-30,00:00:00
WIR00000000000000660,SYNCID0000002597,474546.47,credit,2022-12-05,00:00:00
WIR00000000000000661,SYNCID0000002597,1198231.47,credit,2022-11-09,00:00:00
WIR00000000000000662,SYNCID0000002597,801611.24,credit,2022-11-29,00:00:00
WIR00000000000000673,SYNCID0000002620,777290.08,debit,2022-12-16,00:00:00
WIR00000000000000680,SYNCID0000002620,549888.41,credit,2022-12-15,00:00:00
WIR00000000000000789,SYNCID0000002888,607562.96,credit,2023-01-27,00:00:00
WIR00000000000000812,SYNCID0000002919,610152.59,credit,2023-01-26,00:00:00
WIR00000000000000817,SYNCID0000002929,861410.1,credit,2022-11-06,00:00:00
WIR00000000000000832,SYNCID0000002952,734081.64,credit,2022-12-13,00:00:00
WIR00000000000000876,SYNCID0000002954,888603.17,credit,2023-01-10,00:00:00
WIR00000000000000895,SYNCID0000002954,1063364.85,credit,2023-01-16,00:00:00
WIR00000000000000914,SYNCID0000003100,5669153.83,debit,2023-01-21,00:00:00
WIR00000000000000915,SYNCID0000003100,776687.03,debit,2022-12-13,00:00:00
WIR00000000000000917,SYNCID0000003100,609116.56,debit,2022-12-22,00:00:00
WIR00000000000000922,SYNCID0000003100,763234.01,credit,2023-01-26,00:00:00
WIR00000000000000923,SYNCID0000003100,503222.8,debit,2023-01-27,00:00:00
WIR00000000000000924,SYNCID0000003100,774550.67,debit,2022-11-20,00:00:00
WIR00000000000000927,SYNCID0000003100,970801.84,debit,2022-11-16,00:00:00
WIR00000000000000928,SYNCID0000003100,630746.35,debit,2022-12-07,00:00:00
WIR00000000000000931,SYNCID0000003100,1119249.19,credit,2022-12-22,00:00:00
WIR00000000000000932,SYNCID0000003100,542698.13,debit,2022-11-14,00:00:00
WIR00000000000000935,SYNCID0000003100,508057.12,debit,2023-01-11,00:00:00
WIR00000000000000936,SYNCID0000003100,805518.8,debit,2022-11-02,00:00:00
WIR00000000000000939,SYNCID0000003100,933600.07,debit,2023-01-31,00:00:00
WIR00000000000000940,SYNCID0000003100,1023791.18,credit,2022-12-14,00:00:00
WIR00000000000000943,SYNCID0000003100,592283.1,credit,2022-12-08,00:00:00
WIR00000000000000945,SYNCID0000003100,1355040.95,debit,2022-11-02,00:00:00
WIR00000000000000946,SYNCID0000003100,707399.19,debit,2022-12-05,00:00:00
WIR00000000000000948,SYNCID0000003100,1108323.27,credit,2023-01-31,00:00:00
WIR00000000000000952,SYNCID0000003100,805339.96,debit,2022-12-11,00:00:00
WIR00000000000000955,SYNCID0000003100,455862.56,credit,2022-12-07,00:00:00
WIR00000000000000958,SYNCID0000003100,562565.35,debit,2022-12-08,00:00:00
WIR00000000000000962,SYNCID0000003100,814846.13,debit,2022-11-25,00:00:00
WIR00000000000000966,SYNCID0000003100,790657.79,credit,2022-12-30,00:00:00
WIR00000000000000968,SYNCID0000003100,724343.92,credit,2023-01-26,00:00:00
WIR00000000000000969,SYNCID0000003100,1163664.82,debit,2022-11-01,00:00:00
WIR00000000000000970,SYNCID0000003100,612121.75,credit,2022-11-10,00:00:00
WIR00000000000000971,SYNCID0000003100,521149.05,credit,2023-01-11,00:00:00
WIR00000000000000977,SYNCID0000003100,890316.86,debit,2022-12-15,00:00:00
WIR00000000000000993,SYNCID0000003137,920001.33,debit,2022-11-15,00:00:00
WIR00000000000000995,SYNCID0000003137,469636.58,debit,2023-01-17,00:00:00
WIR00000000000000998,SYNCID0000003138,1925953.22,credit,2022-11-17,00:00:00
WIR00000000000001042,SYNCID0000003347,627480.33,debit,2022-12-15,00:00:00
WIR00000000000001046,SYNCID0000003414,4082144.11,credit,2023-01-31,00:00:00
WIR00000000000001058,SYNCID0000003522,7899573.26,debit,2023-01-24,00:00:00
WIR00000000000001059,SYNCID0000003522,457958.49,debit,2022-11-15,00:00:00
WIR00000000000001080,SYNCID0000003598,555705.1,credit,2022-11-04,00:00:00
WIR00000000000001135,SYNCID0000003796,561777.17,credit,2023-01-27,00:00:00
WIR00000000000001136,SYNCID0000003796,773367.85,credit,2023-01-05,00:00:00
WIR00000000000001140,SYNCID0000003847,571404.97,credit,2022-12-09,00:00:00
WIR00000000000001161,SYNCID0000003966,690206.72,credit,2022-12-14,00:00:00
WIR00000000000001195,SYNCID0000003966,2052140.21,credit,2022-12-05,00:00:00
WIR00000000000001218,SYNCID0000004073,860955.7,credit,2022-12-14,00:00:00
WIR00000000000001244,SYNCID0000004258,1656797.92,credit,2022-12-15,00:00:00
WIR00000000000001245,SYNCID0000004258,637281.13,debit,2022-12-08,00:00:00
WIR00000000000001247,SYNCID0000004258,1484981.78,debit,2023-01-31,00:00:00
WIR00000000000001249,SYNCID0000004258,643881.52,debit,2022-12-12,00:00:00
WIR00000000000001254,SYNCID0000004258,713676.85,debit,2023-01-06,00:00:00
WIR00000000000001262,SYNCID0000004258,920283.5,debit,2022-11-01,00:00:00
WIR00000000000001276,SYNCID0000004420,891924.09,credit,2022-11-29,00:00:00
WIR00000000000001304,SYNCID0000004512,1764928.93,credit,2022-12-12,00:00:00
WIR00000000000001305,SYNCID0000004540,483469.64,debit,2022-11-21,00:00:00
WIR00000000000001306,SYNCID0000004540,454139.01,credit,2022-11-07,00:00:00
WIR00000000000001422,SYNCID0000005143,700624.76,debit,2023-01-06,00:00:00
WIR00000000000001423,SYNCID0000005143,522296.21,debit,2023-01-06,00:00:00
WIR00000000000001491,SYNCID0000005538,1292855.51,credit,2023-01-26,00:00:00
WIR00000000000001496,SYNCID0000005538,3210585.04,credit,2022-12-16,00:00:00
WIR00000000000001581,SYNCID0000005768,845715.27,credit,2022-12-01,00:00:00
WIR00000000000001624,SYNCID0000005779,588868.0,debit,2023-01-23,00:00:00
WIR00000000000001625,SYNCID0000005779,842162.8,debit,2023-01-31,00:00:00
WIR00000000000001628,SYNCID0000005779,4583223.5,debit,2022-11-24,00:00:00
WIR00000000000001632,SYNCID0000005779,907480.18,credit,2023-01-27,00:00:00
WIR00000000000001634,SYNCID0000005779,589662.85,debit,2022-12-13,00:00:00
WIR00000000000001636,SYNCID0000005779,16452412.51,debit,2023-01-20,00:00:00
WIR00000000000001639,SYNCID0000005779,598011.79,debit,2023-01-25,00:00:00
WIR00000000000001749,SYNCID0000006415,919272.5,debit,2022-11-03,00:00:00
WIR00000000000001751,SYNCID0000006416,678972.05,credit,2023-01-26,00:00:00
WIR00000000000001754,SYNCID0000006416,2159760.28,credit,2023-01-27,00:00:00
WIR00000000000001761,SYNCID0000006497,740065.39,debit,2022-12-30,00:00:00
WIR00000000000001762,SYNCID0000006497,4024061.97,debit,2022-12-16,00:00:00
WIR00000000000001763,SYNCID0000006497,467943.03,debit,2022-11-01,00:00:00
WIR00000000000001765,SYNCID0000006497,476538.1,credit,2022-11-09,00:00:00
WIR00000000000001814,SYNCID0000006682,1062871.93,credit,2022-11-22,00:00:00
WIR00000000000001815,SYNCID0000006682,492147.45,debit,2023-01-09,00:00:00
WIR00000000000001819,SYNCID0000006682,770104.22,credit,2022-12-23,00:00:00
WIR00000000000001821,SYNCID0000006682,714953.65,credit,2023-01-12,00:00:00
WIR00000000000001822,SYNCID0000006682,543617.95,credit,2022-12-06,00:00:00
WIR00000000000001825,SYNCID0000006682,600734.54,credit,2022-12-02,00:00:00
WIR00000000000001828,SYNCID0000006682,1065445.67,credit,2022-11-25,00:00:00
WIR00000000000001886,SYNCID0000006926,2839726.32,credit,2022-12-15,00:00:00
WIR00000000000001900,SYNCID0000007001,563604.6,debit,2022-11-25,00:00:00
WIR00000000000001903,SYNCID0000007001,469151.9,debit,2022-11-23,00:00:00
WIR00000000000001905,SYNCID0000007001,519188.44,debit,2023-01-16,00:00:00
WIR00000000000001906,SYNCID0000007001,638792.31,credit,2023-01-03,00:00:00
WIR00000000000001909,SYNCID0000007001,1003516.84,debit,2022-11-09,00:00:00
WIR00000000000001915,SYNCID0000007001,1902063.34,debit,2022-12-14,00:00:00
WIR00000000000001916,SYNCID0000007001,508753.73,debit,2022-12-18,00:00:00
WIR00000000000001918,SYNCID0000007001,4101895.93,debit,2022-12-12,00:00:00
WIR00000000000001920,SYNCID0000007001,602045.54,debit,2022-11-24,00:00:00
WIR00000000000001924,SYNCID0000007001,574214.66,debit,2022-12-05,00:00:00
WIR00000000000001927,SYNCID0000007001,1280296.68,debit,2022-12-16,00:00:00
WIR00000000000001936,SYNCID0000007029,5805184.56,debit,2022-12-01,00:00:00
WIR00000000000001943,SYNCID0000007082,772210.62,credit,2022-11-24,00:00:00
WIR00000000000001958,SYNCID0000007239,2089399.51,credit,2023-01-20,00:00:00
WIR00000000000001959,SYNCID0000007239,478384.33,credit,2023-01-24,00:00:00
WIR00000000000001960,SYNCID0000007239,707800.39,debit,2022-11-08,00:00:00
WIR00000000000001965,SYNCID0000007295,627846.12,credit,2022-12-20,00:00:00
WIR00000000000001980,SYNCID0000007371,668818.55,debit,2022-12-22,00:00:00
WIR00000000000001981,SYNCID0000007371,603766.09,debit,2023-01-10,00:00:00
WIR00000000000001983,SYNCID0000007371,958450.65,debit,2022-11-08,00:00:00
WIR00000000000001988,SYNCID0000007371,584619.19,debit,2022-12-12,00:00:00
WIR00000000000001989,SYNCID0000007371,675441.99,debit,2022-12-01,00:00:00
WIR00000000000001990,SYNCID0000007371,1490771.23,debit,2022-11-02,00:00:00
WIR00000000000001994,SYNCID0000007371,477728.54,debit,2023-01-24,00:00:00
WIR00000000000001999,SYNCID0000007371,553326.93,debit,2023-01-13,00:00:00
WIR00000000000002006,SYNCID0000007371,770154.6,debit,2022-12-22,00:00:00
WIR00000000000002007,SYNCID0000007371,1425060.37,debit,2022-12-20,00:00:00
WIR00000000000002008,SYNCID0000007371,926594.59,credit,2023-01-04,00:00:00
WIR00000000000002009,SYNCID0000007371,540094.6,debit,2023-01-26,00:00:00
WIR00000000000002010,SYNCID0000007371,519005.39,debit,2023-01-24,00:00:00
WIR00000000000002011,SYNCID0000007371,957698.8,debit,2023-01-18,00:00:00
WIR00000000000002012,SYNCID0000007371,778490.84,credit,2022-11-18,00:00:00
WIR00000000000002017,SYNCID0000007371,620493.6,debit,2022-12-21,00:00:00
WIR00000000000002018,SYNCID0000007371,573879.57,debit,2022-12-16,00:00:00
WIR00000000000002032,SYNCID0000007374,518742.24,credit,2023-01-06,00:00:00
WIR00000000000002052,SYNCID0000007482,467042.45,debit,2022-11-02,00:00:00
WIR00000000000002053,SYNCID0000007482,1038151.05,debit,2022-11-29,00:00:00
WIR00000000000002067,SYNCID0000007646,526554.3,credit,2022-12-01,00:00:00
WIR00000000000002121,SYNCID0000008155,761382.34,debit,2022-12-09,00:00:00
WIR00000000000002122,SYNCID0000008155,501286.66,debit,2022-12-08,00:00:00
WIR00000000000002264,SYNCID0000008529,729882.61,debit,2022-12-01,00:00:00
WIR00000000000002267,SYNCID0000008529,750757.37,debit,2022-12-19,00:00:00
WIR00000000000002272,SYNCID0000008529,987643.93,debit,2022-11-14,00:00:00
WIR00000000000002273,SYNCID0000008529,1141288.57,debit,2022-11-24,00:00:00
WIR00000000000002274,SYNCID0000008529,700223.71,debit,2022-12-07,00:00:00
WIR00000000000002275,SYNCID0000008529,458350.98,debit,2022-11-16,00:00:00
WIR00000000000002276,SYNCID0000008529,504669.4,debit,2022-12-23,00:00:00
WIR00000000000002277,SYNCID0000008529,606925.05,credit,2022-11-23,00:00:00
WIR00000000000002281,SYNCID0000008529,658256.19,credit,2023-01-04,00:00:00
WIR00000000000002282,SYNCID0000008529,731004.14,debit,2022-12-03,00:00:00
WIR00000000000002283,SYNCID0000008529,1126350.78,debit,2022-11-21,00:00:00
WIR00000000000002287,SYNCID0000008529,541333.26,debit,2022-12-13,00:00:00
WIR00000000000002289,SYNCID0000008529,682600.11,debit,2023-01-11,00:00:00
WIR00000000000002294,SYNCID0000008529,803881.71,credit,2022-11-29,00:00:00
WIR00000000000002295,SYNCID0000008529,741212.28,debit,2023-01-23,00:00:00
WIR00000000000002297,SYNCID0000008529,820486.43,debit,2022-12-19,00:00:00
WIR00000000000002300,SYNCID0000008529,4080419.17,debit,2022-11-18,00:00:00
WIR00000000000002301,SYNCID0000008529,614285.69,debit,2022-12-09,00:00:00
WIR00000000000002302,SYNCID0000008529,873906.6,debit,2023-01-31,00:00:00
WIR00000000000002514,SYNCID0000009229,962250.83,debit,2022-12-14,00:00:00
WIR00000000000002518,SYNCID0000009229,707205.22,debit,2022-11-01,00:00:00
WIR00000000000002519,SYNCID0000009232,518660.99,credit,2022-11-30,00:00:00
WIR00000000000002522,SYNCID0000009243,1432876.58,credit,2022-11-16,00:00:00
WIR00000000000002547,SYNCID0000009397,1498013.99,credit,2022-11-01,00:00:00
WIR00000000000002554,SYNCID0000009462,2216217.79,credit,2023-01-27,00:00:00
WIR00000000000002555,SYNCID0000009462,1157581.98,credit,2023-01-10,00:00:00
WIR00000000000002557,SYNCID0000009462,1020917.04,credit,2022-12-19,00:00:00
WIR00000000000002558,SYNCID0000009462,623875.06,credit,2022-12-29,00:00:00
WIR00000000000002559,SYNCID0000009462,512053.15,credit,2023-01-15,00:00:00
WIR00000000000002561,SYNCID0000009462,2444722.91,credit,2022-12-14,00:00:00
WIR00000000000002567,SYNCID0000009462,662720.49,debit,2022-11-17,00:00:00
WIR00000000000002570,SYNCID0000009462,2325272.25,credit,2022-12-01,00:00:00
WIR00000000000002574,SYNCID0000009462,625823.39,credit,2022-11-01,00:00:00
WIR00000000000002577,SYNCID0000009462,898960.84,credit,2023-01-23,00:00:00
WIR00000000000002578,SYNCID0000009462,770394.83,debit,2022-11-15,00:00:00
WIR00000000000002579,SYNCID0000009462,1684880.7,credit,2023-01-30,00:00:00
WIR00000000000002580,SYNCID0000009462,887892.38,credit,2023-01-24,00:00:00
WIR00000000000002582,SYNCID0000009462,7366201.46,credit,2022-11-01,00:00:00
WIR00000000000002584,SYNCID0000009462,17809059.15,credit,2023-01-19,00:00:00
WIR00000000000002589,SYNCID0000009462,577177.05,credit,2023-01-24,00:00:00
WIR00000000000002590,SYNCID0000009462,681914.2,credit,2022-11-07,00:00:00
WIR00000000000002592,SYNCID0000009462,600725.6,credit,2022-12-05,00:00:00
WIR00000000000002595,SYNCID0000009462,1625264.38,credit,2023-01-17,00:00:00
WIR00000000000002597,SYNCID0000009462,647505.28,credit,2022-11-16,00:00:00
WIR00000000000002603,SYNCID0000009462,543490.96,credit,2022-11-22,00:00:00
WIR00000000000002606,SYNCID0000009462,2146348.13,credit,2022-12-07,00:00:00
WIR00000000000002609,SYNCID0000009462,491154.87,credit,2023-01-13,00:00:00
WIR00000000000002611,SYNCID0000009462,661058.26,credit,2022-12-06,00:00:00
WIR00000000000002613,SYNCID0000009462,559145.1,credit,2022-11-30,00:00:00
WIR00000000000002614,SYNCID0000009462,1266280.74,credit,2022-11-03,00:00:00
WIR00000000000002615,SYNCID0000009462,717144.44,credit,2023-01-17,00:00:00
WIR00000000000002617,SYNCID0000009462,1152484.2,credit,2022-11-18,00:00:00
WIR00000000000002619,SYNCID0000009462,4159976.89,credit,2023-01-19,00:00:00
WIR00000000000002620,SYNCID0000009462,709884.18,credit,2022-12-29,00:00:00
WIR00000000000002621,SYNCID0000009462,818506.18,credit,2022-12-21,00:00:00
WIR00000000000002625,SYNCID0000009462,619613.92,credit,2023-01-18,00:00:00
WIR00000000000002626,SYNCID0000009462,2323305.82,credit,2022-12-16,00:00:00
WIR00000000000002628,SYNCID0000009462,613377.56,credit,2023-01-23,00:00:00
WIR00000000000002631,SYNCID0000009462,800436.34,credit,2022-11-15,00:00:00
WIR00000000000002636,SYNCID0000009462,3138427.8,credit,2022-11-16,00:00:00
WIR00000000000002639,SYNCID0000009462,475149.74,credit,2022-11-14,00:00:00
WIR00000000000002641,SYNCID0000009462,1380699.27,debit,2022-11-30,00:00:00
WIR00000000000002643,SYNCID0000009462,678602.48,credit,2022-12-23,00:00:00
WIR00000000000002644,SYNCID0000009462,4436954.99,debit,2022-11-18,00:00:00
WIR00000000000002648,SYNCID0000009462,1500355.52,credit,2022-12-21,00:00:00
WIR00000000000002652,SYNCID0000009462,1151425.5,credit,2022-11-10,00:00:00
WIR00000000000002657,SYNCID0000009462,1684677.24,debit,2023-01-06,00:00:00
WIR00000000000002658,SYNCID0000009462,755276.56,credit,2022-11-04,00:00:00
WIR00000000000002664,SYNCID0000009462,1365947.98,credit,2022-11-02,00:00:00
WIR00000000000002687,SYNCID0000009708,823139.77,credit,2023-01-10,00:00:00
WIR00000000000002691,SYNCID0000009708,17768518.35,credit,2023-01-19,00:00:00
WIR00000000000002692,SYNCID0000009708,1016991.91,credit,2022-11-28,00:00:00
WIR00000000000002696,SYNCID0000009708,3538172.22,credit,2022-12-02,00:00:00
WIR00000000000002699,SYNCID0000009708,502351.97,credit,2022-11-28,00:00:00
WIR00000000000002702,SYNCID0000009708,595804.4,credit,2022-12-21,00:00:00
WIR00000000000002704,SYNCID0000009708,1612198.0,debit,2022-12-13,00:00:00
WIR00000000000002707,SYNCID0000009708,2073402.82,credit,2022-11-28,00:00:00
WIR00000000000002714,SYNCID0000009708,687404.09,credit,2022-11-30,00:00:00
WIR00000000000002716,SYNCID0000009708,1082584.38,credit,2023-01-04,00:00:00
WIR00000000000002718,SYNCID0000009708,1427291.17,credit,2022-12-05,00:00:00
WIR00000000000002728,SYNCID0000009708,481245.36,credit,2022-11-09,00:00:00
WIR00000000000002734,SYNCID0000009755,846599.02,debit,2022-12-16,00:00:00
WIR00000000000002740,SYNCID0000009755,1284451.89,credit,2023-01-06,00:00:00
WIR00000000000002742,SYNCID0000009755,755894.21,credit,2023-01-22,00:00:00
WIR00000000000002743,SYNCID0000009755,859595.25,credit,2022-11-15,00:00:00
WIR00000000000002745,SYNCID0000009755,1363818.44,credit,2022-11-03,00:00:00
WIR00000000000002746,SYNCID0000009755,561757.39,debit,2022-11-07,00:00:00
WIR00000000000002747,SYNCID0000009755,947840.77,credit,2022-11-25,00:00:00
WIR00000000000002755,SYNCID0000009755,775606.37,credit,2023-01-30,00:00:00
WIR00000000000002758,SYNCID0000009755,481235.42,debit,2022-12-13,00:00:00
WIR00000000000002764,SYNCID0000009755,1066155.31,credit,2023-01-05,00:00:00
WIR00000000000002765,SYNCID0000009755,1410031.03,credit,2022-12-11,00:00:00
WIR00000000000002767,SYNCID0000009755,472712.6,credit,2022-11-03,00:00:00
WIR00000000000002775,SYNCID0000009755,17303446.46,credit,2023-01-19,00:00:00
WIR00000000000002782,SYNCID0000009790,1501202.89,debit,2022-11-02,00:00:00
WIR00000000000002785,SYNCID0000009790,1149844.85,credit,2022-11-09,00:00:00
WIR00000000000002786,SYNCID0000009790,546850.65,debit,2022-12-09,00:00:00
WIR00000000000002787,SYNCID0000009790,506616.28,debit,2022-12-12,00:00:00
WIR00000000000002795,SYNCID0000009804,1275928.25,credit,2022-11-28,00:00:00
WIR00000000000002796,SYNCID0000009804,2009882.78,credit,2023-01-31,00:00:00
WIR00000000000002885,SYNCID0000010370,908762.82,credit,2022-11-25,00:00:00
WIR00000000000002886,SYNCID0000010370,1669974.7,credit,2023-01-30,00:00:00
WIR00000000000002928,SYNCID0000010770,480671.96,credit,2023-01-17,00:00:00
WIR00000000000002949,SYNCID0000010914,495245.77,debit,2023-01-10,00:00:00
WIR00000000000002951,SYNCID0000010927,809262.36,credit,2022-12-07,00:00:00
WIR00000000000002954,SYNCID0000010927,473510.35,credit,2022-12-01,00:00:00
WIR00000000000003005,SYNCID0000011244,666635.58,debit,2023-01-13,00:00:00
WIR00000000000003028,SYNCID0000011409,451228.74,debit,2022-12-13,00:00:00
WIR00000000000003029,SYNCID0000011409,808174.98,debit,2023-01-16,00:00:00
WIR00000000000003030,SYNCID0000011409,526864.34,credit,2022-12-08,00:00:00
WIR00000000000003031,SYNCID0000011409,876593.74,debit,2022-11-14,00:00:00
WIR00000000000003032,SYNCID0000011409,974647.92,debit,2023-01-17,00:00:00
WIR00000000000003033,SYNCID0000011409,596342.0,debit,2022-12-16,00:00:00
WIR00000000000003049,SYNCID0000011563,957780.6,credit,2022-12-13,00:00:00
WIR00000000000003065,SYNCID0000011643,547421.58,credit,2022-12-12,00:00:00
WIR00000000000003068,SYNCID0000011643,1617362.67,credit,2022-12-05,00:00:00
WIR00000000000003071,SYNCID0000011703,615231.89,credit,2023-01-12,00:00:00
WIR00000000000003118,SYNCID0000011949,489670.85,debit,2022-11-29,00:00:00
WIR00000000000003119,SYNCID0000011949,536356.71,debit,2023-01-10,00:00:00
WIR00000000000003122,SYNCID0000011949,1575722.62,debit,2023-01-30,00:00:00
WIR00000000000003124,SYNCID0000011949,16302977.62,debit,2023-01-20,00:00:00
WIR00000000000003126,SYNCID0000011949,3771590.06,credit,2022-11-17,00:00:00
WIR00000000000003128,SYNCID0000011949,619470.76,debit,2022-12-06,00:00:00
WIR00000000000003131,SYNCID0000011949,565939.89,debit,2022-11-30,00:00:00
WIR00000000000003132,SYNCID0000011949,527701.4,debit,2022-11-01,00:00:00
WIR00000000000003133,SYNCID0000011949,782924.61,debit,2022-12-16,00:00:00
WIR00000000000003136,SYNCID0000011949,1019819.63,debit,2022-12-01,00:00:00
WIR00000000000003139,SYNCID0000011949,890941.74,debit,2022-11-30,00:00:00
WIR00000000000003140,SYNCID0000011949,1068626.33,debit,2022-11-30,00:00:00
WIR00000000000003141,SYNCID0000011949,1090288.52,debit,2022-11-21,00:00:00
WIR00000000000003147,SYNCID0000011949,1708074.84,debit,2022-11-29,00:00:00
WIR00000000000003148,SYNCID0000011949,483347.84,credit,2022-11-07,00:00:00
WIR00000000000003150,SYNCID0000011949,483649.31,credit,2022-12-05,00:00:00
WIR00000000000003154,SYNCID0000011968,540333.55,credit,2022-12-01,00:00:00
WIR00000000000003157,SYNCID0000011968,6595278.53,debit,2022-12-14,00:00:00
WIR00000000000003165,SYNCID0000012031,920386.76,credit,2022-12-29,00:00:00
WIR00000000000003204,SYNCID0000012359,989962.32,debit,2022-11-02,00:00:00
WIR00000000000003269,SYNCID0000012501,641894.65,credit,2023-01-26,00:00:00
WIR00000000000003306,SYNCID0000012732,491290.56,debit,2022-12-18,00:00:00
WIR00000000000003309,SYNCID0000012788,551649.82,debit,2022-12-30,00:00:00
WIR00000000000003313,SYNCID0000012818,702963.01,credit,2022-12-21,00:00:00
WIR00000000000003318,SYNCID0000012878,523534.94,credit,2023-01-04,00:00:00
WIR00000000000003324,SYNCID0000012919,1589343.9,credit,2022-11-16,00:00:00
WIR00000000000003341,SYNCID0000013092,762722.82,credit,2022-11-08,00:00:00
WIR00000000000003343,SYNCID0000013092,555923.4,credit,2022-11-18,00:00:00
WIR00000000000003344,SYNCID0000013092,718969.82,debit,2022-12-23,00:00:00
WIR00000000000003348,SYNCID0000013092,1275730.15,debit,2023-01-27,00:00:00
WIR00000000000003349,SYNCID0000013092,2179776.95,debit,2023-01-16,00:00:00
WIR00000000000003355,SYNCID0000013092,561627.99,debit,2022-12-20,00:00:00
WIR00000000000003360,SYNCID0000013092,818592.19,debit,2022-12-05,00:00:00
WIR00000000000003362,SYNCID0000013092,535436.79,debit,2022-12-08,00:00:00
WIR00000000000003365,SYNCID0000013092,783686.42,debit,2022-12-06,00:00:00
WIR00000000000003366,SYNCID0000013092,809640.92,debit,2022-11-03,00:00:00
WIR00000000000003367,SYNCID0000013092,1360815.48,debit,2023-01-10,00:00:00
WIR00000000000003368,SYNCID0000013092,585431.59,debit,2023-01-26,00:00:00
WIR00000000000003369,SYNCID0000013092,545349.0,debit,2022-12-14,00:00:00
WIR00000000000003375,SYNCID0000013092,1492552.68,debit,2022-11-29,00:00:00
WIR00000000000003377,SYNCID0000013092,2216867.29,debit,2022-12-07,00:00:00
WIR00000000000003381,SYNCID0000013176,730644.07,credit,2022-11-02,00:00:00
WIR00000000000003394,SYNCID0000013241,742378.32,debit,2022-12-19,00:00:00
WIR00000000000003444,SYNCID0000013371,1136344.36,credit,2022-12-19,00:00:00
WIR00000000000003447,SYNCID0000013392,926252.77,debit,2022-11-01,00:00:00
WIR00000000000003450,SYNCID0000013392,710753.99,debit,2022-11-02,00:00:00
WIR00000000000003451,SYNCID0000013392,563358.48,debit,2023-01-10,00:00:00
WIR00000000000003454,SYNCID0000013392,662587.79,debit,2022-12-12,00:00:00
WIR00000000000003457,SYNCID0000013392,491316.58,credit,2022-12-05,00:00:00
WIR00000000000003458,SYNCID0000013392,2202018.18,debit,2023-01-13,00:00:00
WIR00000000000003460,SYNCID0000013392,453535.56,debit,2023-01-26,00:00:00
WIR00000000000003466,SYNCID0000013392,527350.38,debit,2022-12-12,00:00:00
WIR00000000000003467,SYNCID0000013392,789345.99,debit,2022-12-28,00:00:00
WIR00000000000003468,SYNCID0000013392,1070615.86,debit,2022-11-28,00:00:00
WIR00000000000003469,SYNCID0000013392,643332.01,debit,2022-11-24,00:00:00
WIR00000000000003472,SYNCID0000013392,483517.49,credit,2022-11-18,00:00:00
WIR00000000000003476,SYNCID0000013392,2175658.37,debit,2023-01-16,00:00:00
WIR00000000000003478,SYNCID0000013392,535481.86,debit,2022-11-10,00:00:00
WIR00000000000003479,SYNCID0000013392,708741.82,debit,2023-01-04,00:00:00
WIR00000000000003486,SYNCID0000013392,688840.99,credit,2022-11-14,00:00:00
WIR00000000000003488,SYNCID0000013392,624069.59,debit,2023-01-31,00:00:00
WIR00000000000003492,SYNCID0000013392,480700.37,credit,2022-12-12,00:00:00
WIR00000000000003495,SYNCID0000013392,483361.65,debit,2022-11-10,00:00:00
WIR00000000000003497,SYNCID0000013392,608483.83,credit,2023-01-27,00:00:00
WIR00000000000003504,SYNCID0000013392,585146.29,credit,2022-11-15,00:00:00
WIR00000000000003506,SYNCID0000013392,658951.46,debit,2022-12-02,00:00:00
WIR00000000000003507,SYNCID0000013392,740926.9,debit,2022-11-03,00:00:00
WIR00000000000003515,SYNCID0000013410,481829.38,debit,2023-01-03,00:00:00
WIR00000000000003524,SYNCID0000013450,675464.44,credit,2023-01-27,00:00:00
WIR00000000000003526,SYNCID0000013450,606805.06,credit,2023-01-07,00:00:00
WIR00000000000003527,SYNCID0000013450,3011687.44,credit,2022-11-10,00:00:00
WIR00000000000003540,SYNCID0000013643,463729.9,debit,2022-11-02,00:00:00
WIR00000000000003541,SYNCID0000013660,760364.14,credit,2023-01-25,00:00:00
WIR00000000000003545,SYNCID0000013660,686007.88,debit,2023-01-30,00:00:00
WIR00000000000003547,SYNCID0000013660,1571878.71,debit,2022-11-14,00:00:00
WIR00000000000003552,SYNCID0000013660,870822.9,debit,2022-11-01,00:00:00
WIR00000000000003553,SYNCID0000013660,1180755.25,debit,2022-12-30,00:00:00
WIR00000000000003556,SYNCID0000013660,469451.05,debit,2022-12-30,00:00:00
WIR00000000000003642,SYNCID0000013956,1876243.32,credit,2022-12-12,00:00:00
WIR00000000000003643,SYNCID0000013956,604916.76,debit,2022-12-28,00:00:00
WIR00000000000003644,SYNCID0000013956,518494.19,debit,2022-11-24,00:00:00
WIR00000000000003648,SYNCID0000013956,748980.71,credit,2022-11-01,00:00:00
WIR00000000000003649,SYNCID0000013956,720909.76,debit,2022-11-10,00:00:00
WIR00000000000003652,SYNCID0000013956,16192924.37,debit,2023-01-20,00:00:00
WIR00000000000003656,SYNCID0000013956,883909.12,debit,2022-11-15,00:00:00
WIR00000000000003658,SYNCID0000013956,502668.94,debit,2022-12-13,00:00:00
WIR00000000000003659,SYNCID0000013956,466974.11,debit,2022-12-15,00:00:00
WIR00000000000003660,SYNCID0000013956,482060.74,debit,2023-01-05,00:00:00
WIR00000000000003671,SYNCID0000013956,919240.75,credit,2022-12-15,00:00:00
WIR00000000000003677,SYNCID0000013956,1240560.2,debit,2022-12-13,00:00:00
WIR00000000000003680,SYNCID0000013956,560984.79,debit,2022-12-12,00:00:00
WIR00000000000003684,SYNCID0000013956,591452.48,debit,2023-01-10,00:00:00
WIR00000000000003685,SYNCID0000013956,754683.39,credit,2023-01-04,00:00:00
WIR00000000000003688,SYNCID0000013956,1524327.11,debit,2022-11-02,00:00:00
WIR00000000000003689,SYNCID0000013956,650772.5,debit,2023-01-13,00:00:00
WIR00000000000003691,SYNCID0000013956,588295.25,debit,2022-12-23,00:00:00
WIR00000000000003692,SYNCID0000013956,823670.5,debit,2022-11-15,00:00:00
WIR00000000000003695,SYNCID0000013956,985486.29,debit,2022-11-03,00:00:00
WIR00000000000003699,SYNCID0000013956,479055.91,debit,2022-12-14,00:00:00
WIR00000000000003706,SYNCID0000013956,834241.82,debit,2022-11-01,00:00:00
WIR00000000000003707,SYNCID0000013956,793046.53,credit,2022-12-12,00:00:00
WIR00000000000003713,SYNCID0000013956,2917995.67,debit,2022-12-16,00:00:00
WIR00000000000003715,SYNCID0000013956,1489962.55,debit,2022-11-21,00:00:00
WIR00000000000003717,SYNCID0000013956,473231.75,debit,2022-11-01,00:00:00
WIR00000000000003721,SYNCID0000013956,721423.27,debit,2023-01-18,00:00:00
WIR00000000000003724,SYNCID0000013956,475699.65,debit,2023-01-19,00:00:00
WIR00000000000003727,SYNCID0000013956,853665.24,debit,2023-01-23,00:00:00
WIR00000000000003730,SYNCID0000013956,470824.72,debit,2022-12-12,00:00:00
WIR00000000000003732,SYNCID0000013956,463525.15,debit,2022-12-21,00:00:00
WIR00000000000003736,SYNCID0000013956,725064.25,debit,2022-11-14,00:00:00
WIR00000000000003740,SYNCID0000013956,682011.35,credit,2022-11-28,00:00:00
WIR00000000000003742,SYNCID0000013956,907683.45,debit,2022-11-03,00:00:00
WIR00000000000003744,SYNCID0000013956,567030.56,debit,2022-12-19,00:00:00
WIR00000000000003746,SYNCID0000013956,689324.62,credit,2022-12-21,00:00:00
WIR00000000000003748,SYNCID0000013956,748686.28,debit,2022-11-14,00:00:00
WIR00000000000003749,SYNCID0000013956,1062349.25,debit,2022-11-03,00:00:00
WIR00000000000003750,SYNCID0000013956,480052.86,credit,2023-01-17,00:00:00
WIR00000000000003754,SYNCID0000013956,815458.76,debit,2022-11-30,00:00:00
WIR00000000000003760,SYNCID0000013956,486346.35,credit,2022-12-22,00:00:00
WIR00000000000003764,SYNCID0000013956,937770.54,debit,2022-12-02,00:00:00
WIR00000000000003768,SYNCID0000013956,686363.02,debit,2023-01-10,00:00:00
WIR00000000000003772,SYNCID0000013956,819393.39,debit,2023-01-14,00:00:00
WIR00000000000003774,SYNCID0000013956,1076694.04,debit,2022-11-25,00:00:00
WIR00000000000003776,SYNCID0000013956,1010676.48,debit,2022-11-10,00:00:00
WIR00000000000003779,SYNCID0000013956,695230.93,debit,2022-12-12,00:00:00
WIR00000000000003783,SYNCID0000013956,786738.14,debit,2023-01-10,00:00:00
WIR00000000000003785,SYNCID0000013956,762925.29,credit,2022-12-30,00:00:00
WIR00000000000003789,SYNCID0000013956,472688.53,credit,2022-12-01,00:00:00
WIR00000000000003792,SYNCID0000013956,760626.4,credit,2022-12-02,00:00:00
WIR00000000000003796,SYNCID0000013956,898760.48,debit,2022-11-14,00:00:00
WIR00000000000003798,SYNCID0000013956,581673.59,debit,2022-12-28,00:00:00
WIR00000000000003799,SYNCID0000013956,491160.83,debit,2023-01-12,00:00:00
WIR00000000000003802,SYNCID0000013956,559718.58,debit,2022-12-08,00:00:00
WIR00000000000003803,SYNCID0000013956,497061.37,debit,2022-12-07,00:00:00
WIR00000000000003806,SYNCID0000013956,914765.93,debit,2022-11-01,00:00:00
WIR00000000000003811,SYNCID0000013956,696823.07,debit,2023-01-17,00:00:00
WIR00000000000003815,SYNCID0000013956,521809.79,debit,2022-11-25,00:00:00
WIR00000000000003816,SYNCID0000013956,933384.13,debit,2022-11-03,00:00:00
WIR00000000000003820,SYNCID0000013956,642852.45,credit,2023-01-18,00:00:00
WIR00000000000003830,SYNCID0000013956,889257.03,debit,2023-01-10,00:00:00
WIR00000000000003833,SYNCID0000013956,2204235.34,debit,2022-12-21,00:00:00
WIR00000000000003834,SYNCID0000013956,784141.83,debit,2022-11-21,00:00:00
WIR00000000000003837,SYNCID0000013956,639059.09,debit,2022-11-14,00:00:00
WIR00000000000003841,SYNCID0000013956,566442.64,debit,2023-01-25,00:00:00
WIR00000000000003846,SYNCID0000013956,715211.42,debit,2023-01-26,00:00:00
WIR00000000000003849,SYNCID0000013956,481680.16,debit,2022-11-17,00:00:00
WIR00000000000003850,SYNCID0000013956,768689.01,debit,2023-01-13,00:00:00
WIR00000000000003852,SYNCID0000013956,734448.38,debit,2022-11-13,00:00:00
WIR00000000000003853,SYNCID0000013956,1030312.86,debit,2022-12-14,00:00:00
WIR00000000000003857,SYNCID0000013956,779406.61,debit,2022-12-19,00:00:00
WIR00000000000003858,SYNCID0000013956,738699.43,debit,2022-12-10,00:00:00
WIR00000000000003859,SYNCID0000013956,545438.82,debit,2022-12-08,00:00:00
WIR00000000000003862,SYNCID0000013956,604651.04,credit,2022-11-30,00:00:00
WIR00000000000003863,SYNCID0000013956,872117.74,debit,2023-01-09,00:00:00
WIR00000000000003866,SYNCID0000013956,938747.58,debit,2023-01-10,00:00:00
WIR00000000000003867,SYNCID0000013956,639005.17,debit,2022-12-02,00:00:00
WIR00000000000003870,SYNCID0000013956,924238.15,debit,2023-01-10,00:00:00
WIR00000000000003875,SYNCID0000013956,728844.51,debit,2022-12-10,00:00:00
WIR00000000000003882,SYNCID0000013956,1954443.76,debit,2023-01-31,00:00:00
WIR00000000000003884,SYNCID0000013956,1644275.07,credit,2022-12-12,00:00:00
WIR00000000000003885,SYNCID0000013956,1386703.69,debit,2022-12-30,00:00:00
WIR00000000000003886,SYNCID0000013956,869419.18,debit,2023-01-30,00:00:00
WIR00000000000003889,SYNCID0000013956,498706.89,debit,2023-01-26,00:00:00
WIR00000000000003893,SYNCID0000013956,474512.16,debit,2022-11-22,00:00:00
WIR00000000000003903,SYNCID0000013956,486261.06,debit,2022-11-02,00:00:00
WIR00000000000003907,SYNCID0000013956,664225.89,debit,2022-12-07,00:00:00
WIR00000000000003908,SYNCID0000013956,567767.93,credit,2023-01-09,00:00:00
WIR00000000000003912,SYNCID0000013956,475692.33,debit,2022-12-05,00:00:00
WIR00000000000003915,SYNCID0000013956,623113.24,debit,2022-12-02,00:00:00
WIR00000000000003918,SYNCID0000013956,798037.07,credit,2022-12-01,00:00:00
WIR00000000000003920,SYNCID0000013956,784482.17,debit,2022-11-01,00:00:00
WIR00000000000003921,SYNCID0000013956,846865.48,debit,2022-12-06,00:00:00
WIR00000000000003924,SYNCID0000013956,700100.8,debit,2022-11-22,00:00:00
WIR00000000000003926,SYNCID0000013956,1148580.38,debit,2023-01-30,00:00:00
WIR00000000000003927,SYNCID0000013956,564853.66,credit,2022-12-05,00:00:00
WIR00000000000003928,SYNCID0000013956,1014226.75,credit,2022-11-30,00:00:00
WIR00000000000003929,SYNCID0000013956,1419620.73,debit,2022-12-23,00:00:00
WIR00000000000003931,SYNCID0000013956,1404849.14,debit,2022-11-02,00:00:00
WIR00000000000003932,SYNCID0000013956,760996.98,debit,2022-12-20,00:00:00
WIR00000000000003933,SYNCID0000013956,599001.75,debit,2022-12-02,00:00:00
WIR00000000000003934,SYNCID0000013956,744517.17,debit,2022-12-12,00:00:00
WIR00000000000003935,SYNCID0000013956,642662.2,debit,2022-11-21,00:00:00
WIR00000000000003937,SYNCID0000013956,453643.99,debit,2023-01-15,00:00:00
WIR00000000000003940,SYNCID0000013956,683504.95,debit,2022-11-28,00:00:00
WIR00000000000003943,SYNCID0000013956,854465.85,debit,2023-01-12,00:00:00
WIR00000000000003944,SYNCID0000013956,990699.71,debit,2022-11-14,00:00:00
WIR00000000000003945,SYNCID0000013956,2063400.93,credit,2023-01-28,00:00:00
WIR00000000000003946,SYNCID0000013956,15299829.55,credit,2023-01-25,00:00:00
WIR00000000000003949,SYNCID0000013956,645934.15,debit,2022-12-14,00:00:00
WIR00000000000003950,SYNCID0000013956,534360.27,debit,2022-11-14,00:00:00
WIR00000000000003951,SYNCID0000013956,496074.88,debit,2022-12-27,00:00:00
WIR00000000000003952,SYNCID0000013956,1008106.3,debit,2022-11-01,00:00:00
WIR00000000000003956,SYNCID0000013956,541431.33,debit,2023-01-30,00:00:00
WIR00000000000003957,SYNCID0000013956,798102.23,debit,2022-11-03,00:00:00
WIR00000000000003961,SYNCID0000013956,722386.81,debit,2022-12-12,00:00:00
WIR00000000000003962,SYNCID0000013956,611517.57,debit,2022-11-10,00:00:00
WIR00000000000003963,SYNCID0000013956,529449.04,debit,2022-12-12,00:00:00
WIR00000000000003964,SYNCID0000013956,534245.31,debit,2022-12-16,00:00:00
WIR00000000000003965,SYNCID0000013956,529850.09,credit,2022-12-13,00:00:00
WIR00000000000003970,SYNCID0000013956,1001171.72,debit,2022-12-12,00:00:00
WIR00000000000003973,SYNCID0000013956,467267.9,debit,2022-12-07,00:00:00
WIR00000000000003977,SYNCID0000013956,610749.04,credit,2023-01-17,00:00:00
WIR00000000000003978,SYNCID0000013956,699986.08,debit,2022-12-21,00:00:00
WIR00000000000003981,SYNCID0000013956,822382.65,credit,2022-11-18,00:00:00
WIR00000000000003982,SYNCID0000013956,694489.87,debit,2023-01-03,00:00:00
WIR00000000000003985,SYNCID0000013956,648972.03,debit,2023-01-17,00:00:00
WIR00000000000003986,SYNCID0000013956,636557.31,debit,2022-12-07,00:00:00
WIR00000000000003995,SYNCID0000013956,1108480.79,debit,2022-11-24,00:00:00
WIR00000000000003998,SYNCID0000013956,472817.94,credit,2022-11-18,00:00:00
WIR00000000000003999,SYNCID0000013956,534243.07,debit,2023-01-22,00:00:00
WIR00000000000004001,SYNCID0000013956,1092405.62,credit,2022-12-13,00:00:00
WIR00000000000004003,SYNCID0000013956,665943.46,debit,2022-12-09,00:00:00
WIR00000000000004004,SYNCID0000013956,610848.77,debit,2022-11-01,00:00:00
WIR00000000000004005,SYNCID0000013956,3280451.49,credit,2022-11-16,00:00:00
WIR00000000000004007,SYNCID0000013956,608512.75,debit,2022-12-22,00:00:00
WIR00000000000004010,SYNCID0000013956,1947891.13,credit,2022-12-12,00:00:00
WIR00000000000004012,SYNCID0000013956,453671.19,debit,2022-12-01,00:00:00
WIR00000000000004017,SYNCID0000013956,1457951.94,debit,2022-12-15,00:00:00
WIR00000000000004018,SYNCID0000013956,1210578.16,credit,2022-11-08,00:00:00
WIR00000000000004019,SYNCID0000013956,1474235.05,debit,2022-12-19,00:00:00
WIR00000000000004023,SYNCID0000013956,831723.24,debit,2022-12-01,00:00:00
WIR00000000000004024,SYNCID0000013956,643145.61,debit,2022-12-16,00:00:00
WIR00000000000004025,SYNCID0000013956,879067.2,debit,2022-11-14,00:00:00
WIR00000000000004026,SYNCID0000013956,599896.79,credit,2023-01-21,00:00:00
WIR00000000000004029,SYNCID0000013956,816370.25,credit,2022-12-01,00:00:00
WIR00000000000004039,SYNCID0000013956,555571.2,debit,2022-11-07,00:00:00
WIR00000000000004042,SYNCID0000013956,564500.88,debit,2022-12-14,00:00:00
WIR00000000000004043,SYNCID0000013956,755650.5,debit,2022-12-15,00:00:00
WIR00000000000004057,SYNCID0000013956,693466.83,debit,2023-01-09,00:00:00
WIR00000000000004058,SYNCID0000013956,643203.32,debit,2022-12-02,00:00:00
WIR00000000000004059,SYNCID0000013956,2008048.51,debit,2023-01-30,00:00:00
WIR00000000000004061,SYNCID0000013956,1584955.06,credit,2022-11-16,00:00:00
WIR00000000000004063,SYNCID0000013956,533971.59,debit,2022-12-07,00:00:00
WIR00000000000004064,SYNCID0000013956,606690.6,debit,2022-12-20,00:00:00
WIR00000000000004067,SYNCID0000013956,1549685.15,debit,2022-12-06,00:00:00
WIR00000000000004071,SYNCID0000013956,652223.1,debit,2023-01-12,00:00:00
WIR00000000000004074,SYNCID0000013956,765948.08,credit,2023-01-05,00:00:00
WIR00000000000004083,SYNCID0000013956,727224.77,debit,2023-01-03,00:00:00
WIR00000000000004087,SYNCID0000013956,708017.58,debit,2023-01-25,00:00:00
WIR00000000000004089,SYNCID0000013956,558365.5,debit,2022-12-06,00:00:00
WIR00000000000004090,SYNCID0000013956,617253.92,debit,2022-12-05,00:00:00
WIR00000000000004092,SYNCID0000013956,599115.97,credit,2023-01-30,00:00:00
WIR00000000000004096,SYNCID0000013956,596111.59,debit,2022-11-10,00:00:00
WIR00000000000004098,SYNCID0000013956,1139573.78,debit,2023-01-25,00:00:00
WIR00000000000004099,SYNCID0000013956,1013727.53,credit,2022-12-16,00:00:00
WIR00000000000004104,SYNCID0000013956,1049122.34,debit,2022-11-23,00:00:00
WIR00000000000004105,SYNCID0000013956,1352302.55,debit,2022-12-19,00:00:00
WIR00000000000004106,SYNCID0000013956,708960.59,debit,2023-01-17,00:00:00
WIR00000000000004107,SYNCID0000013956,16222785.39,debit,2023-01-20,00:00:00
WIR00000000000004108,SYNCID0000013956,549923.41,debit,2023-01-03,00:00:00
WIR00000000000004109,SYNCID0000013956,504655.92,debit,2023-01-30,00:00:00
WIR00000000000004114,SYNCID0000013956,571663.17,debit,2022-12-25,00:00:00
WIR00000000000004117,SYNCID0000013956,587377.45,credit,2022-11-10,00:00:00
WIR00000000000004118,SYNCID0000013956,625010.99,credit,2023-01-02,00:00:00
WIR00000000000004120,SYNCID0000013956,1018504.67,debit,2022-11-01,00:00:00
WIR00000000000004124,SYNCID0000013956,566011.32,debit,2022-12-30,00:00:00
WIR00000000000004127,SYNCID0000013956,713984.82,debit,2022-11-21,00:00:00
WIR00000000000004131,SYNCID0000013956,552816.9,debit,2022-12-15,00:00:00
WIR00000000000004135,SYNCID0000013956,668833.55,debit,2023-01-24,00:00:00
WIR00000000000004138,SYNCID0000013956,1206006.56,credit,2022-11-03,00:00:00
WIR00000000000004139,SYNCID0000013956,770269.85,debit,2022-12-02,00:00:00
WIR00000000000004146,SYNCID0000013956,585291.86,credit,2022-12-18,00:00:00
WIR00000000000004149,SYNCID0000013956,465032.81,debit,2022-11-24,00:00:00
WIR00000000000004157,SYNCID0000013956,1937838.64,debit,2022-12-21,00:00:00
WIR00000000000004158,SYNCID0000013956,1621031.9,credit,2022-12-19,00:00:00
WIR00000000000004159,SYNCID0000013956,722446.4,debit,2022-11-03,00:00:00
WIR00000000000004160,SYNCID0000013956,1010707.05,debit,2022-11-10,00:00:00
WIR00000000000004161,SYNCID0000013956,479110.71,debit,2022-12-01,00:00:00
WIR00000000000004162,SYNCID0000013956,1011876.01,debit,2022-11-04,00:00:00
WIR00000000000004163,SYNCID0000013956,787246.24,debit,2023-01-26,00:00:00
WIR00000000000004164,SYNCID0000013956,637731.34,credit,2022-11-22,00:00:00
WIR00000000000004165,SYNCID0000013956,636614.44,debit,2022-11-10,00:00:00
WIR00000000000004166,SYNCID0000013956,653911.94,debit,2022-12-22,00:00:00
WIR00000000000004167,SYNCID0000013956,713095.55,debit,2023-01-04,00:00:00
WIR00000000000004172,SYNCID0000013956,493452.3,debit,2022-12-07,00:00:00
WIR00000000000004173,SYNCID0000013956,1011143.44,debit,2022-11-07,00:00:00
WIR00000000000004174,SYNCID0000013956,734957.97,debit,2022-12-19,00:00:00
WIR00000000000004175,SYNCID0000013956,654285.07,credit,2022-11-18,00:00:00
WIR00000000000004178,SYNCID0000013956,1131106.99,debit,2022-11-01,00:00:00
WIR00000000000004179,SYNCID0000013956,578175.8,credit,2022-11-25,00:00:00
WIR00000000000004180,SYNCID0000013956,547586.15,debit,2022-11-29,00:00:00
WIR00000000000004191,SYNCID0000013956,519146.86,debit,2022-11-01,00:00:00
WIR00000000000004192,SYNCID0000013956,560797.3,debit,2022-11-22,00:00:00
WIR00000000000004197,SYNCID0000013956,738336.65,credit,2023-01-06,00:00:00
WIR00000000000004202,SYNCID0000013956,550413.21,debit,2022-12-18,00:00:00
WIR00000000000004203,SYNCID0000013956,680127.78,debit,2022-11-01,00:00:00
WIR00000000000004205,SYNCID0000013956,1050867.79,debit,2022-11-03,00:00:00
WIR00000000000004207,SYNCID0000013956,1064048.98,debit,2022-11-14,00:00:00
WIR00000000000004211,SYNCID0000013956,459414.28,debit,2023-01-24,00:00:00
WIR00000000000004212,SYNCID0000013956,1320985.56,debit,2022-11-28,00:00:00
WIR00000000000004214,SYNCID0000013956,625831.0,debit,2022-11-24,00:00:00
WIR00000000000004215,SYNCID0000013956,601764.19,debit,2023-01-04,00:00:00
WIR00000000000004219,SYNCID0000013956,970139.82,debit,2022-11-01,00:00:00
WIR00000000000004220,SYNCID0000013956,650256.69,credit,2023-01-11,00:00:00
WIR00000000000004222,SYNCID0000013956,644125.47,debit,2022-11-02,00:00:00
WIR00000000000004223,SYNCID0000013956,486370.15,debit,2022-11-10,00:00:00
WIR00000000000004224,SYNCID0000013956,1259148.91,debit,2023-01-31,00:00:00
WIR00000000000004225,SYNCID0000013956,780114.33,debit,2022-11-20,00:00:00
WIR00000000000004233,SYNCID0000013956,662102.74,debit,2022-11-22,00:00:00
WIR00000000000004235,SYNCID0000013956,808432.87,debit,2022-11-21,00:00:00
WIR00000000000004237,SYNCID0000013956,574183.65,debit,2023-01-24,00:00:00
WIR00000000000004238,SYNCID0000013956,831730.35,debit,2022-11-30,00:00:00
WIR00000000000004239,SYNCID0000013956,488823.02,debit,2022-11-01,00:00:00
WIR00000000000004242,SYNCID0000013956,651908.85,debit,2022-11-22,00:00:00
WIR00000000000004243,SYNCID0000013956,533146.01,debit,2022-12-17,00:00:00
WIR00000000000004245,SYNCID0000013956,757118.47,debit,2022-12-11,00:00:00
WIR00000000000004246,SYNCID0000013956,1098413.6,debit,2022-12-01,00:00:00
WIR00000000000004247,SYNCID0000013956,657609.11,credit,2023-01-27,00:00:00
WIR00000000000004248,SYNCID0000013956,516695.21,debit,2022-12-13,00:00:00
WIR00000000000004249,SYNCID0000013956,628620.53,debit,2022-12-07,00:00:00
WIR00000000000004250,SYNCID0000013956,2073508.27,debit,2022-12-16,00:00:00
WIR00000000000004251,SYNCID0000013956,502310.87,debit,2022-12-03,00:00:00
WIR00000000000004252,SYNCID0000013956,824223.25,debit,2022-11-01,00:00:00
WIR00000000000004253,SYNCID0000013956,1464056.48,credit,2022-12-30,00:00:00
WIR00000000000004255,SYNCID0000013956,961980.25,credit,2023-01-10,00:00:00
WIR00000000000004257,SYNCID0000013956,547430.57,debit,2022-12-09,00:00:00
WIR00000000000004259,SYNCID0000013956,800722.43,credit,2023-01-26,00:00:00
WIR00000000000004265,SYNCID0000013956,700914.44,debit,2022-11-23,00:00:00
WIR00000000000004266,SYNCID0000013956,594313.12,credit,2023-01-31,00:00:00
WIR00000000000004268,SYNCID0000013956,522760.17,debit,2022-12-22,00:00:00
WIR00000000000004270,SYNCID0000013956,452259.8,debit,2023-01-24,00:00:00
WIR00000000000004272,SYNCID0000013956,475528.58,debit,2022-12-09,00:00:00
WIR00000000000004273,SYNCID0000013956,646012.47,debit,2023-01-17,00:00:00
WIR00000000000004277,SYNCID0000013956,470804.47,debit,2022-12-06,00:00:00
WIR00000000000004278,SYNCID0000013956,616839.09,debit,2022-12-08,00:00:00
WIR00000000000004280,SYNCID0000013956,792065.55,debit,2023-01-30,00:00:00
WIR00000000000004284,SYNCID0000013956,646345.45,debit,2023-01-17,00:00:00
WIR00000000000004286,SYNCID0000013956,698575.19,debit,2023-01-25,00:00:00
WIR00000000000004287,SYNCID0000013956,3075319.94,credit,2022-12-01,00:00:00
WIR00000000000004288,SYNCID0000013956,775325.81,debit,2022-12-12,00:00:00
WIR00000000000004290,SYNCID0000013956,3149477.19,credit,2022-12-13,00:00:00
WIR00000000000004291,SYNCID0000013956,467420.55,credit,2022-12-02,00:00:00
WIR00000000000004295,SYNCID0000013956,531338.65,debit,2022-12-12,00:00:00
WIR00000000000004298,SYNCID0000013956,935630.47,debit,2022-11-24,00:00:00
WIR00000000000004299,SYNCID0000013956,808564.44,debit,2022-11-01,00:00:00
WIR00000000000004300,SYNCID0000013956,909700.93,debit,2023-01-26,00:00:00
WIR00000000000004328,SYNCID0000014098,611385.01,debit,2023-01-26,00:00:00
WIR00000000000004360,SYNCID0000014158,545199.15,credit,2022-11-10,00:00:00
WIR00000000000004361,SYNCID0000014158,477426.95,credit,2022-12-02,00:00:00
WIR00000000000004410,SYNCID0000014386,667018.46,credit,2023-01-30,00:00:00
WIR00000000000004411,SYNCID0000014386,2042068.51,credit,2022-11-16,00:00:00
WIR00000000000004413,SYNCID0000014386,686749.86,credit,2022-12-12,00:00:00
WIR00000000000004437,SYNCID0000014544,2183850.47,debit,2022-12-12,00:00:00
WIR00000000000004460,SYNCID0000014819,608635.71,debit,2022-11-02,00:00:00
WIR00000000000004464,SYNCID0000014841,540701.71,credit,2022-12-05,00:00:00
WIR00000000000004477,SYNCID0000014920,1139320.58,debit,2023-01-30,00:00:00
WIR00000000000004503,SYNCID0000015065,732313.91,credit,2022-11-14,00:00:00
WIR00000000000004547,SYNCID0000015414,591878.75,credit,2022-12-05,00:00:00
WIR00000000000004567,SYNCID0000015544,814649.46,credit,2022-12-01,00:00:00
WIR00000000000004569,SYNCID0000015573,511173.6,credit,2022-12-28,00:00:00
WIR00000000000004618,SYNCID0000015663,541895.14,credit,2022-11-25,00:00:00
WIR00000000000004621,SYNCID0000015685,877322.81,debit,2022-12-14,00:00:00
WIR00000000000004623,SYNCID0000015685,1164106.49,debit,2022-11-21,00:00:00
WIR00000000000004625,SYNCID0000015685,578741.92,debit,2022-12-21,00:00:00
WIR00000000000004627,SYNCID0000015685,1834081.34,credit,2023-01-23,00:00:00
WIR00000000000004631,SYNCID0000015685,1310959.02,debit,2022-11-02,00:00:00
WIR00000000000004634,SYNCID0000015685,1084782.56,debit,2022-12-19,00:00:00
WIR00000000000004635,SYNCID0000015685,763017.77,debit,2023-01-31,00:00:00
WIR00000000000004636,SYNCID0000015685,1218632.53,debit,2022-12-28,00:00:00
WIR00000000000004639,SYNCID0000015685,1147614.9,debit,2022-11-24,00:00:00
WIR00000000000004643,SYNCID0000015685,637993.17,debit,2022-12-14,00:00:00
WIR00000000000004644,SYNCID0000015685,767818.75,debit,2022-12-19,00:00:00
WIR00000000000004653,SYNCID0000015685,617317.52,debit,2023-01-20,00:00:00
WIR00000000000004655,SYNCID0000015685,1175023.36,debit,2022-12-05,00:00:00
WIR00000000000004657,SYNCID0000015685,691301.43,credit,2023-01-17,00:00:00
WIR00000000000004660,SYNCID0000015685,820881.85,debit,2022-12-15,00:00:00
WIR00000000000004665,SYNCID0000015685,609960.85,debit,2022-12-21,00:00:00
WIR00000000000004669,SYNCID0000015685,606412.55,debit,2023-01-11,00:00:00
WIR00000000000004670,SYNCID0000015685,3968338.57,debit,2023-01-18,00:00:00
WIR00000000000004672,SYNCID0000015685,770510.28,debit,2022-12-07,00:00:00
WIR00000000000004674,SYNCID0000015685,1802234.72,debit,2022-11-17,00:00:00
WIR00000000000004676,SYNCID0000015685,607482.48,credit,2023-01-17,00:00:00
WIR00000000000004677,SYNCID0000015685,977907.16,credit,2023-01-03,00:00:00
WIR00000000000004678,SYNCID0000015685,970395.54,debit,2022-12-14,00:00:00
WIR00000000000004683,SYNCID0000015685,1103746.79,debit,2022-12-06,00:00:00
WIR00000000000004684,SYNCID0000015685,548232.34,credit,2022-12-12,00:00:00
WIR00000000000004685,SYNCID0000015685,630102.25,debit,2022-12-01,00:00:00
WIR00000000000004687,SYNCID0000015685,877096.09,debit,2022-11-28,00:00:00
WIR00000000000004740,SYNCID0000015907,713057.62,debit,2022-12-01,00:00:00
WIR00000000000004741,SYNCID0000015907,636447.16,debit,2023-01-11,00:00:00
WIR00000000000004744,SYNCID0000015944,680716.57,debit,2023-01-24,00:00:00
WIR00000000000004767,SYNCID0000016065,915744.15,credit,2023-01-17,00:00:00
WIR00000000000004768,SYNCID0000016065,697849.77,credit,2022-11-01,00:00:00
WIR00000000000004775,SYNCID0000016084,977429.97,credit,2023-01-26,00:00:00
WIR00000000000004803,SYNCID0000016325,1165716.1,debit,2023-01-30,00:00:00
WIR00000000000004820,SYNCID0000016500,760332.62,debit,2022-12-28,00:00:00
WIR00000000000004835,SYNCID0000016544,1177659.68,credit,2022-12-20,00:00:00
WIR00000000000004854,SYNCID0000016624,490624.76,credit,2022-11-28,00:00:00
WIR00000000000004864,SYNCID0000016699,3393361.42,credit,2022-12-07,00:00:00
WIR00000000000004948,SYNCID0000017137,1825669.38,debit,2022-11-29,00:00:00
